"record_id","landcover_class","landcover"
905988587,"6","mixed forest"
905992285,"6","mixed forest"
905992924,"6","mixed forest"
905992956,"6","mixed forest"
905992957,"6","mixed forest"
905993719,"6","mixed forest"
905993780,"6","mixed forest"
905993853,"6","mixed forest"
905998169,"6","mixed forest"
905999656,"6","mixed forest"
906001300,"6","mixed forest"
906010049,"6","mixed forest"
906010050,"6","mixed forest"
906021294,"6","mixed forest"
906026040,"6","mixed forest"
906026335,"6","mixed forest"
906026897,"6","mixed forest"
906029661,"6","mixed forest"
906031121,"6","mixed forest"
906031192,"5","broadleaf"
906032416,"5","broadleaf"
906032434,"6","mixed forest"
906033099,"6","mixed forest"
906033549,"6","mixed forest"
906034690,"1","needleleaf"
906036162,"6","mixed forest"
906037064,"1","needleleaf"
906037065,"1","needleleaf"
906037220,"5","broadleaf"
906037244,"5","broadleaf"
906037432,"1","needleleaf"
906037433,"1","needleleaf"
906037434,"6","mixed forest"
906037435,"6","mixed forest"
906037587,"6","mixed forest"
906037588,"6","mixed forest"
906037722,"1","needleleaf"
906037957,"1","needleleaf"
906037958,"1","needleleaf"
906038309,"6","mixed forest"
906038310,"1","needleleaf"
906038340,"1","needleleaf"
906038646,"1","needleleaf"
906038647,"1","needleleaf"
906039027,"1","needleleaf"
906039088,"1","needleleaf"
906039104,"6","mixed forest"
906039325,"1","needleleaf"
906039439,"1","needleleaf"
906039576,"6","mixed forest"
906039577,"1","needleleaf"
906039598,"1","needleleaf"
906039599,"1","needleleaf"
906039669,"1","needleleaf"
906039670,"1","needleleaf"
906039770,"1","needleleaf"
906039771,"8","shrubland"
906039802,"6","mixed forest"
906039803,"6","mixed forest"
906039804,"1","needleleaf"
906039805,"1","needleleaf"
906039806,"1","needleleaf"
906039807,"1","needleleaf"
906039808,"1","needleleaf"
906039809,"1","needleleaf"
906039856,"1","needleleaf"
906039857,"1","needleleaf"
906040219,"1","needleleaf"
906040221,"1","needleleaf"
906040222,"8","shrubland"
906040247,"6","mixed forest"
906040282,"6","mixed forest"
906040283,"6","mixed forest"
906040284,"6","mixed forest"
906040285,"6","mixed forest"
906040327,"8","shrubland"
906040342,"1","needleleaf"
906040343,"1","needleleaf"
906040344,"8","shrubland"
906040353,"5","broadleaf"
906040354,"5","broadleaf"
906040368,"1","needleleaf"
906040384,"5","broadleaf"
906040389,"6","mixed forest"
906040390,"6","mixed forest"
906040694,"6","mixed forest"
906040695,"1","needleleaf"
906040912,"6","mixed forest"
906040913,"6","mixed forest"
906041042,"6","mixed forest"
906041043,"1","needleleaf"
906041169,"1","needleleaf"
906041170,"1","needleleaf"
906041171,"5","broadleaf"
906041173,"5","broadleaf"
906041320,"1","needleleaf"
906041615,"1","needleleaf"
906041617,"6","mixed forest"
906041644,"1","needleleaf"
906042011,"6","mixed forest"
906042040,"5","broadleaf"
906042041,"5","broadleaf"
906042278,"6","mixed forest"
906042279,"6","mixed forest"
906042657,"1","needleleaf"
906043163,"5","broadleaf"
906043179,"6","mixed forest"
906043191,"6","mixed forest"
906043410,"6","mixed forest"
906043411,"6","mixed forest"
906043440,"6","mixed forest"
906043814,"1","needleleaf"
906043815,"1","needleleaf"
906043816,"8","shrubland"
906043819,"5","broadleaf"
906043837,"1","needleleaf"
906043838,"1","needleleaf"
906043852,"6","mixed forest"
906043912,"8","shrubland"
906044315,"6","mixed forest"
906044344,"6","mixed forest"
906044402,"6","mixed forest"
906044415,"6","mixed forest"
906044512,"1","needleleaf"
906044513,"1","needleleaf"
906044599,"8","shrubland"
906044673,"6","mixed forest"
906044687,"1","needleleaf"
906044789,"1","needleleaf"
906044823,"1","needleleaf"
906044824,"8","shrubland"
906044859,"8","shrubland"
906044880,"1","needleleaf"
906044950,"1","needleleaf"
906045067,"5","broadleaf"
906045070,"6","mixed forest"
906045234,"1","needleleaf"
906045235,"1","needleleaf"
906045236,"6","mixed forest"
906045322,"8","shrubland"
906045477,"6","mixed forest"
906045530,"6","mixed forest"
906045616,"1","needleleaf"
906045827,"6","mixed forest"
906045903,"6","mixed forest"
906045904,"6","mixed forest"
906045905,"6","mixed forest"
906045918,"1","needleleaf"
906046026,"1","needleleaf"
906046199,"6","mixed forest"
906046389,"6","mixed forest"
906046390,"6","mixed forest"
906046391,"6","mixed forest"
906046392,"6","mixed forest"
906046931,"1","needleleaf"
906046932,"1","needleleaf"
906047692,"6","mixed forest"
906048006,"6","mixed forest"
906048007,"6","mixed forest"
906048008,"6","mixed forest"
906048024,"6","mixed forest"
906048058,"1","needleleaf"
906048059,"1","needleleaf"
906048084,"6","mixed forest"
906048085,"6","mixed forest"
906048117,"1","needleleaf"
906048133,"6","mixed forest"
906048134,"6","mixed forest"
906049059,"6","mixed forest"
906049131,"6","mixed forest"
906049211,"6","mixed forest"
906049328,"6","mixed forest"
906049329,"1","needleleaf"
906049330,"1","needleleaf"
906051632,"6","mixed forest"
906052930,"6","mixed forest"
906058391,"6","mixed forest"
906058478,"6","mixed forest"
906058479,"1","needleleaf"
906059123,"6","mixed forest"
906059124,"6","mixed forest"
906059436,"6","mixed forest"
906059437,"5","broadleaf"
906059438,"5","broadleaf"
906059439,"5","broadleaf"
906059625,"6","mixed forest"
906059654,"5","broadleaf"
906059680,"8","shrubland"
906059681,"8","shrubland"
906059683,"5","broadleaf"
906059684,"5","broadleaf"
906059814,"8","shrubland"
906059815,"8","shrubland"
906059949,"1","needleleaf"
906059950,"1","needleleaf"
906059951,"1","needleleaf"
906060470,"1","needleleaf"
906060472,"5","broadleaf"
906060473,"5","broadleaf"
906060474,"5","broadleaf"
906060519,"8","shrubland"
906060521,"5","broadleaf"
906060522,"5","broadleaf"
906060554,"1","needleleaf"
906060555,"1","needleleaf"
906060556,"8","shrubland"
906060557,"8","shrubland"
906060778,"1","needleleaf"
906060998,"6","mixed forest"
906061192,"6","mixed forest"
906061363,"17","urban"
906061405,"5","broadleaf"
906061452,"5","broadleaf"
906061489,"17","urban"
906061534,"6","mixed forest"
906061576,"6","mixed forest"
906061833,"5","broadleaf"
906061976,"1","needleleaf"
906061999,"1","needleleaf"
906062000,"1","needleleaf"
906062001,"1","needleleaf"
906062047,"6","mixed forest"
906062048,"5","broadleaf"
906062098,"6","mixed forest"
906062099,"5","broadleaf"
906062286,"6","mixed forest"
906062301,"1","needleleaf"
906062327,"6","mixed forest"
906062328,"6","mixed forest"
906062329,"6","mixed forest"
906062351,"1","needleleaf"
906062419,"6","mixed forest"
906062443,"6","mixed forest"
906062444,"1","needleleaf"
906062445,"1","needleleaf"
906062460,"1","needleleaf"
906062461,"1","needleleaf"
906062462,"1","needleleaf"
906062463,"1","needleleaf"
906062529,"5","broadleaf"
906062589,"1","needleleaf"
906062590,"1","needleleaf"
906062650,"5","broadleaf"
906062779,"6","mixed forest"
906062780,"1","needleleaf"
906062806,"6","mixed forest"
906062807,"1","needleleaf"
906062808,"6","mixed forest"
906063005,"1","needleleaf"
906063053,"1","needleleaf"
906063062,"5","broadleaf"
906063072,"1","needleleaf"
906063203,"5","broadleaf"
906063301,"1","needleleaf"
906063325,"5","broadleaf"
906063327,"6","mixed forest"
906063328,"6","mixed forest"
906063330,"1","needleleaf"
906063339,"6","mixed forest"
906063351,"6","mixed forest"
906063353,"6","mixed forest"
906063354,"5","broadleaf"
906063355,"5","broadleaf"
906063356,"1","needleleaf"
906063372,"1","needleleaf"
906063386,"1","needleleaf"
906063461,"8","shrubland"
906063464,"5","broadleaf"
906063552,"1","needleleaf"
906063603,"8","shrubland"
906063604,"8","shrubland"
906063882,"1","needleleaf"
906063913,"6","mixed forest"
906064105,"6","mixed forest"
906064106,"6","mixed forest"
906064225,"5","broadleaf"
906064235,"5","broadleaf"
906064449,"17","urban"
906064502,"1","needleleaf"
906064503,"1","needleleaf"
906064521,"6","mixed forest"
906064551,"6","mixed forest"
906064561,"6","mixed forest"
906064607,"1","needleleaf"
906064608,"1","needleleaf"
906064686,"17","urban"
906064711,"17","urban"
906064736,"1","needleleaf"
906064750,"17","urban"
906065051,"1","needleleaf"
906065058,"5","broadleaf"
906065059,"5","broadleaf"
906065146,"6","mixed forest"
906065361,"1","needleleaf"
906065362,"1","needleleaf"
906065389,"6","mixed forest"
906065464,"1","needleleaf"
906065483,"1","needleleaf"
906065509,"6","mixed forest"
906065534,"8","shrubland"
906065787,"1","needleleaf"
906065788,"1","needleleaf"
906066228,"1","needleleaf"
906066403,"6","mixed forest"
906066464,"17","urban"
906066465,"6","mixed forest"
906066483,"8","shrubland"
906066484,"8","shrubland"
906066883,"6","mixed forest"
906067067,"1","needleleaf"
906067068,"1","needleleaf"
906067146,"17","urban"
906067147,"17","urban"
906067334,"6","mixed forest"
906067398,"6","mixed forest"
906067399,"5","broadleaf"
906067431,"6","mixed forest"
906067451,"1","needleleaf"
906067452,"1","needleleaf"
906067497,"8","shrubland"
906067507,"17","urban"
906067508,"17","urban"
906067509,"17","urban"
906068290,"1","needleleaf"
906068297,"1","needleleaf"
906068298,"6","mixed forest"
906068299,"6","mixed forest"
906068312,"17","urban"
906068370,"1","needleleaf"
906068778,"1","needleleaf"
906068779,"1","needleleaf"
906068834,"1","needleleaf"
906068835,"1","needleleaf"
906068836,"1","needleleaf"
906068890,"5","broadleaf"
906068893,"6","mixed forest"
906068894,"5","broadleaf"
906068943,"6","mixed forest"
906069076,"5","broadleaf"
906069079,"6","mixed forest"
906069242,"1","needleleaf"
906069243,"6","mixed forest"
906069343,"1","needleleaf"
906069344,"8","shrubland"
906069345,"1","needleleaf"
906069370,"5","broadleaf"
906069417,"17","urban"
906069418,"17","urban"
906069479,"17","urban"
906069482,"6","mixed forest"
906069627,"6","mixed forest"
906069777,"1","needleleaf"
906069778,"5","broadleaf"
906070236,"17","urban"
906070384,"1","needleleaf"
906070385,"1","needleleaf"
906070464,"17","urban"
906070544,"1","needleleaf"
906070553,"17","urban"
906070731,"17","urban"
906070773,"17","urban"
906070905,"1","needleleaf"
906070906,"6","mixed forest"
906071026,"1","needleleaf"
906071027,"1","needleleaf"
906071227,"6","mixed forest"
906071309,"17","urban"
906071342,"17","urban"
906071343,"17","urban"
906071556,"6","mixed forest"
906071681,"5","broadleaf"
906071765,"1","needleleaf"
906071766,"6","mixed forest"
906071767,"6","mixed forest"
906071905,"6","mixed forest"
906071909,"17","urban"
906072008,"18","water"
906072104,"1","needleleaf"
906072174,"1","needleleaf"
906072175,"1","needleleaf"
906072176,"1","needleleaf"
906072195,"1","needleleaf"
906072259,"17","urban"
906072260,"17","urban"
906072526,"1","needleleaf"
906072527,"1","needleleaf"
906072792,"1","needleleaf"
906072800,"1","needleleaf"
906073052,"17","urban"
906073062,"5","broadleaf"
906073125,"1","needleleaf"
906073239,"17","urban"
906073330,"17","urban"
906073452,"1","needleleaf"
906073564,"17","urban"
906073628,"17","urban"
906073781,"6","mixed forest"
906073782,"6","mixed forest"
906074234,"17","urban"
906074235,"17","urban"
906074626,"18","water"
906074968,"17","urban"
906075232,"17","urban"
906075233,"17","urban"
906075234,"17","urban"
906075280,"6","mixed forest"
906075441,"17","urban"
906076329,"17","urban"
906076330,"17","urban"
906076331,"17","urban"
906076332,"17","urban"
906076333,"17","urban"
906076373,"18","water"
906076536,"1","needleleaf"
906076686,"1","needleleaf"
906077708,"1","needleleaf"
906077732,"8","shrubland"
906077942,"1","needleleaf"
906078290,"17","urban"
906078291,"17","urban"
906078340,"18","water"
906078690,"18","water"
906078691,"1","needleleaf"
906079003,"6","mixed forest"
906079005,"1","needleleaf"
906079006,"1","needleleaf"
906079284,"6","mixed forest"
906079816,"1","needleleaf"
906079817,"1","needleleaf"
906079818,"1","needleleaf"
906079819,"1","needleleaf"
906079850,"1","needleleaf"
906079882,"6","mixed forest"
906079883,"6","mixed forest"
906079895,"8","shrubland"
906079896,"8","shrubland"
906080012,"1","needleleaf"
906080013,"1","needleleaf"
906080132,"1","needleleaf"
906080133,"1","needleleaf"
906080134,"1","needleleaf"
906080135,"1","needleleaf"
906080136,"6","mixed forest"
906080190,"6","mixed forest"
906080191,"6","mixed forest"
906080610,"1","needleleaf"
906080611,"6","mixed forest"
906080968,"17","urban"
906080969,"17","urban"
906081447,"8","shrubland"
906082079,"1","needleleaf"
906082080,"1","needleleaf"
906082081,"1","needleleaf"
906082985,"6","mixed forest"
906083036,"1","needleleaf"
906083154,"17","urban"
906083496,"17","urban"
906083497,"17","urban"
906083558,"6","mixed forest"
906083619,"6","mixed forest"
906083631,"1","needleleaf"
906083634,"17","urban"
906083763,"1","needleleaf"
906083782,"6","mixed forest"
906083830,"17","urban"
906084006,"6","mixed forest"
906084084,"6","mixed forest"
906084085,"6","mixed forest"
906084086,"6","mixed forest"
906084087,"6","mixed forest"
906084099,"8","shrubland"
906084688,"1","needleleaf"
906085290,"18","water"
906085592,"1","needleleaf"
906085593,"1","needleleaf"
906086009,"6","mixed forest"
906086011,"17","urban"
906086247,"6","mixed forest"
906086366,"6","mixed forest"
906086367,"6","mixed forest"
906086368,"6","mixed forest"
906086777,"1","needleleaf"
906086797,"6","mixed forest"
906086811,"17","urban"
906086827,"6","mixed forest"
906086852,"5","broadleaf"
906086853,"6","mixed forest"
906086857,"1","needleleaf"
906086858,"6","mixed forest"
906086878,"18","water"
906087364,"1","needleleaf"
906087448,"6","mixed forest"
906087449,"6","mixed forest"
906087469,"6","mixed forest"
906087751,"8","shrubland"
906088515,"17","urban"
906088519,"8","shrubland"
906088520,"8","shrubland"
906088521,"8","shrubland"
906088611,"6","mixed forest"
906088699,"8","shrubland"
906088748,"5","broadleaf"
906088763,"17","urban"
906088783,"1","needleleaf"
906088784,"1","needleleaf"
906088811,"17","urban"
906088817,"6","mixed forest"
906088937,"6","mixed forest"
906088938,"5","broadleaf"
906088939,"6","mixed forest"
906089165,"6","mixed forest"
906089166,"5","broadleaf"
906089392,"6","mixed forest"
906089503,"6","mixed forest"
906089561,"8","shrubland"
906089947,"6","mixed forest"
906090720,"6","mixed forest"
906090722,"1","needleleaf"
906090815,"6","mixed forest"
906090897,"8","shrubland"
906090961,"1","needleleaf"
906091077,"5","broadleaf"
906091137,"6","mixed forest"
906091156,"6","mixed forest"
906091913,"8","shrubland"
906091961,"6","mixed forest"
906091962,"6","mixed forest"
906091963,"6","mixed forest"
906092033,"6","mixed forest"
906092034,"6","mixed forest"
906092146,"5","broadleaf"
906092147,"5","broadleaf"
906092148,"5","broadleaf"
906092149,"1","needleleaf"
906092389,"1","needleleaf"
906092565,"8","shrubland"
906092652,"5","broadleaf"
906092653,"5","broadleaf"
906092717,"8","shrubland"
906092801,"6","mixed forest"
906092855,"1","needleleaf"
906092875,"6","mixed forest"
906092885,"6","mixed forest"
906092935,"1","needleleaf"
906093135,"6","mixed forest"
906093182,"8","shrubland"
906093199,"6","mixed forest"
906093208,"6","mixed forest"
906093234,"6","mixed forest"
906093254,"6","mixed forest"
906093384,"1","needleleaf"
906093385,"1","needleleaf"
906093579,"6","mixed forest"
906093674,"5","broadleaf"
906093808,"6","mixed forest"
906094111,"1","needleleaf"
906094181,"1","needleleaf"
906094211,"1","needleleaf"
906094392,"6","mixed forest"
906094776,"6","mixed forest"
906095472,"6","mixed forest"
906095473,"6","mixed forest"
906095535,"1","needleleaf"
906095590,"5","broadleaf"
906095654,"6","mixed forest"
906096045,"1","needleleaf"
906096124,"6","mixed forest"
906096258,"6","mixed forest"
906096290,"1","needleleaf"
906096504,"5","broadleaf"
906096532,"1","needleleaf"
906096533,"1","needleleaf"
906096568,"6","mixed forest"
906096652,"1","needleleaf"
906096929,"1","needleleaf"
906097074,"6","mixed forest"
906097075,"6","mixed forest"
906097252,"17","urban"
906097579,"1","needleleaf"
906097580,"1","needleleaf"
906097676,"6","mixed forest"
906098153,"5","broadleaf"
906098154,"5","broadleaf"
906100608,"6","mixed forest"
906101440,"1","needleleaf"
906101796,"6","mixed forest"
906102176,"6","mixed forest"
906102325,"6","mixed forest"
906102473,"6","mixed forest"
906102533,"1","needleleaf"
906102584,"5","broadleaf"
906102647,"6","mixed forest"
906102815,"6","mixed forest"
906103190,"8","shrubland"
906103859,"6","mixed forest"
906103860,"6","mixed forest"
906104125,"6","mixed forest"
906104133,"1","needleleaf"
906104226,"6","mixed forest"
906105340,"5","broadleaf"
906105423,"17","urban"
906105549,"5","broadleaf"
906105550,"5","broadleaf"
906105954,"1","needleleaf"
906107521,"1","needleleaf"
906107522,"1","needleleaf"
906108073,"5","broadleaf"
906109144,"6","mixed forest"
906109340,"5","broadleaf"
906109810,"6","mixed forest"
906109811,"6","mixed forest"
906110183,"5","broadleaf"
906110447,"6","mixed forest"
906110448,"6","mixed forest"
906110942,"5","broadleaf"
906111846,"5","broadleaf"
906111847,"5","broadleaf"
906112706,"5","broadleaf"
906112707,"5","broadleaf"
906113225,"6","mixed forest"
906113259,"1","needleleaf"
906113260,"1","needleleaf"
906113484,"6","mixed forest"
906113581,"1","needleleaf"
906113582,"1","needleleaf"
906113781,"1","needleleaf"
906113782,"1","needleleaf"
906113804,"1","needleleaf"
906113840,"6","mixed forest"
906113841,"6","mixed forest"
906113842,"6","mixed forest"
906113843,"1","needleleaf"
906113924,"5","broadleaf"
906114028,"6","mixed forest"
906114339,"1","needleleaf"
906114340,"1","needleleaf"
906114341,"6","mixed forest"
906114413,"6","mixed forest"
906114465,"1","needleleaf"
906114466,"6","mixed forest"
906114467,"6","mixed forest"
906114516,"1","needleleaf"
906114626,"6","mixed forest"
906114627,"6","mixed forest"
906114628,"1","needleleaf"
906114629,"1","needleleaf"
906114630,"1","needleleaf"
906114645,"1","needleleaf"
906114646,"5","broadleaf"
906114816,"6","mixed forest"
906114817,"6","mixed forest"
906114818,"6","mixed forest"
906114819,"8","shrubland"
906114820,"6","mixed forest"
906114887,"1","needleleaf"
906114894,"5","broadleaf"
906114895,"1","needleleaf"
906114896,"1","needleleaf"
906115202,"17","urban"
906115259,"1","needleleaf"
906115578,"1","needleleaf"
906115579,"1","needleleaf"
906115580,"5","broadleaf"
906115581,"17","urban"
906115582,"6","mixed forest"
906115583,"6","mixed forest"
906115617,"1","needleleaf"
906115755,"1","needleleaf"
906115756,"1","needleleaf"
906115757,"8","shrubland"
906116307,"6","mixed forest"
906116644,"6","mixed forest"
906116658,"6","mixed forest"
906116659,"6","mixed forest"
906116660,"6","mixed forest"
906116692,"8","shrubland"
906116753,"6","mixed forest"
906116774,"1","needleleaf"
906116775,"6","mixed forest"
906116818,"6","mixed forest"
906116819,"1","needleleaf"
906116820,"1","needleleaf"
906116821,"1","needleleaf"
906116822,"1","needleleaf"
906116864,"8","shrubland"
906116865,"5","broadleaf"
906116866,"1","needleleaf"
906116867,"1","needleleaf"
906116868,"5","broadleaf"
906116950,"1","needleleaf"
906116997,"6","mixed forest"
906117013,"6","mixed forest"
906117014,"6","mixed forest"
906117015,"6","mixed forest"
906117104,"1","needleleaf"
906117121,"6","mixed forest"
906117122,"6","mixed forest"
906117180,"17","urban"
906117181,"6","mixed forest"
906117182,"5","broadleaf"
906117207,"5","broadleaf"
906117222,"6","mixed forest"
906117278,"1","needleleaf"
906117279,"1","needleleaf"
906117280,"1","needleleaf"
906117281,"1","needleleaf"
906117282,"1","needleleaf"
906117298,"6","mixed forest"
906117310,"1","needleleaf"
906117311,"1","needleleaf"
906117362,"6","mixed forest"
906117363,"6","mixed forest"
906117478,"6","mixed forest"
906117487,"5","broadleaf"
906117488,"5","broadleaf"
906117489,"5","broadleaf"
906117490,"5","broadleaf"
906117493,"5","broadleaf"
906117494,"6","mixed forest"
906117498,"6","mixed forest"
906117592,"1","needleleaf"
906117644,"6","mixed forest"
906117645,"6","mixed forest"
906117669,"1","needleleaf"
906117670,"1","needleleaf"
906117671,"1","needleleaf"
906117672,"1","needleleaf"
906117673,"1","needleleaf"
906117674,"1","needleleaf"
906117679,"1","needleleaf"
906117690,"1","needleleaf"
906117908,"1","needleleaf"
906117909,"1","needleleaf"
906117944,"1","needleleaf"
906117956,"1","needleleaf"
906117974,"1","needleleaf"
906117975,"1","needleleaf"
906117976,"1","needleleaf"
906117990,"6","mixed forest"
906118070,"5","broadleaf"
906118071,"1","needleleaf"
906118072,"1","needleleaf"
906118073,"18","water"
906118074,"18","water"
906118075,"6","mixed forest"
906118076,"6","mixed forest"
906118128,"5","broadleaf"
906118129,"5","broadleaf"
906118130,"5","broadleaf"
906118131,"5","broadleaf"
906118132,"1","needleleaf"
906118133,"1","needleleaf"
906118134,"5","broadleaf"
906118135,"5","broadleaf"
906118136,"5","broadleaf"
906118137,"5","broadleaf"
906118138,"6","mixed forest"
906118152,"1","needleleaf"
906118153,"1","needleleaf"
906118182,"6","mixed forest"
906118186,"1","needleleaf"
906118189,"5","broadleaf"
906118190,"6","mixed forest"
906118235,"6","mixed forest"
906118236,"6","mixed forest"
906118237,"6","mixed forest"
906118285,"1","needleleaf"
906118286,"1","needleleaf"
906118318,"6","mixed forest"
906118319,"6","mixed forest"
906118320,"5","broadleaf"
906118348,"5","broadleaf"
906118349,"6","mixed forest"
906118350,"6","mixed forest"
906118351,"5","broadleaf"
906118367,"5","broadleaf"
906118371,"6","mixed forest"
906118404,"1","needleleaf"
906118405,"5","broadleaf"
906118444,"6","mixed forest"
906118452,"5","broadleaf"
906118464,"6","mixed forest"
906118465,"6","mixed forest"
906118472,"1","needleleaf"
906118473,"1","needleleaf"
906118497,"1","needleleaf"
906118498,"1","needleleaf"
906118499,"1","needleleaf"
906118500,"5","broadleaf"
906118501,"6","mixed forest"
906118502,"6","mixed forest"
906118503,"6","mixed forest"
906118504,"5","broadleaf"
906118505,"6","mixed forest"
906118514,"6","mixed forest"
906118515,"5","broadleaf"
906118516,"6","mixed forest"
906118535,"1","needleleaf"
906118536,"1","needleleaf"
906118548,"5","broadleaf"
906118549,"1","needleleaf"
906118552,"5","broadleaf"
906118553,"1","needleleaf"
906118554,"6","mixed forest"
906118555,"8","shrubland"
906118556,"6","mixed forest"
906118557,"6","mixed forest"
906118567,"5","broadleaf"
906118568,"5","broadleaf"
906118655,"5","broadleaf"
906118663,"5","broadleaf"
906118666,"6","mixed forest"
906118671,"5","broadleaf"
906118672,"6","mixed forest"
906118688,"5","broadleaf"
906118724,"6","mixed forest"
906118803,"6","mixed forest"
906118814,"6","mixed forest"
906118815,"5","broadleaf"
906118816,"5","broadleaf"
906118817,"6","mixed forest"
906118818,"6","mixed forest"
906118819,"1","needleleaf"
906118820,"5","broadleaf"
906118821,"5","broadleaf"
906118822,"6","mixed forest"
906118857,"6","mixed forest"
906118859,"5","broadleaf"
906118860,"5","broadleaf"
906118861,"5","broadleaf"
906118862,"6","mixed forest"
906118863,"6","mixed forest"
906118890,"6","mixed forest"
906118930,"6","mixed forest"
906118931,"6","mixed forest"
906118932,"1","needleleaf"
906118933,"8","shrubland"
906119047,"1","needleleaf"
906119100,"1","needleleaf"
906119108,"6","mixed forest"
906119190,"6","mixed forest"
906119252,"6","mixed forest"
906119253,"6","mixed forest"
906119267,"5","broadleaf"
906119389,"1","needleleaf"
906119390,"1","needleleaf"
906119402,"5","broadleaf"
906119428,"6","mixed forest"
906119467,"6","mixed forest"
906119468,"6","mixed forest"
906119475,"1","needleleaf"
906119476,"8","shrubland"
906119515,"1","needleleaf"
906119539,"5","broadleaf"
906119553,"8","shrubland"
906119582,"1","needleleaf"
906119583,"5","broadleaf"
906119584,"6","mixed forest"
906119600,"6","mixed forest"
906119629,"5","broadleaf"
906119680,"5","broadleaf"
906119681,"5","broadleaf"
906119682,"5","broadleaf"
906119683,"5","broadleaf"
906119690,"1","needleleaf"
906119691,"1","needleleaf"
906119727,"17","urban"
906119728,"17","urban"
906119740,"6","mixed forest"
906119781,"5","broadleaf"
906119782,"1","needleleaf"
906119783,"18","water"
906119790,"6","mixed forest"
906119798,"6","mixed forest"
906119799,"6","mixed forest"
906119806,"6","mixed forest"
906119807,"1","needleleaf"
906119815,"1","needleleaf"
906119816,"1","needleleaf"
906119823,"8","shrubland"
906119824,"8","shrubland"
906119830,"6","mixed forest"
906119839,"8","shrubland"
906119840,"6","mixed forest"
906119841,"1","needleleaf"
906119848,"1","needleleaf"
906119892,"1","needleleaf"
906119911,"6","mixed forest"
906119922,"1","needleleaf"
906119966,"8","shrubland"
906119967,"6","mixed forest"
906119968,"1","needleleaf"
906119977,"1","needleleaf"
906119991,"1","needleleaf"
906119992,"1","needleleaf"
906119993,"1","needleleaf"
906119994,"1","needleleaf"
906120073,"6","mixed forest"
906120074,"6","mixed forest"
906120075,"6","mixed forest"
906120076,"1","needleleaf"
906120127,"6","mixed forest"
906120128,"6","mixed forest"
906120129,"5","broadleaf"
906120130,"8","shrubland"
906120131,"8","shrubland"
906120133,"1","needleleaf"
906120134,"5","broadleaf"
906120135,"6","mixed forest"
906120139,"1","needleleaf"
906120140,"5","broadleaf"
906120141,"5","broadleaf"
906120158,"6","mixed forest"
906120159,"1","needleleaf"
906120160,"6","mixed forest"
906120166,"6","mixed forest"
906120182,"5","broadleaf"
906120208,"8","shrubland"
906120252,"6","mixed forest"
906120279,"5","broadleaf"
906120280,"1","needleleaf"
906120300,"6","mixed forest"
906120308,"8","shrubland"
906120312,"6","mixed forest"
906120338,"6","mixed forest"
906120340,"6","mixed forest"
906120345,"1","needleleaf"
906120346,"1","needleleaf"
906120383,"6","mixed forest"
906120392,"6","mixed forest"
906120444,"8","shrubland"
906120459,"8","shrubland"
906120460,"8","shrubland"
906120470,"6","mixed forest"
906120520,"6","mixed forest"
906120521,"8","shrubland"
906120553,"6","mixed forest"
906120554,"1","needleleaf"
906120576,"6","mixed forest"
906120577,"6","mixed forest"
906120578,"6","mixed forest"
906120579,"6","mixed forest"
906120594,"8","shrubland"
906120595,"5","broadleaf"
906120634,"6","mixed forest"
906120635,"1","needleleaf"
906120636,"5","broadleaf"
906120637,"5","broadleaf"
906120638,"5","broadleaf"
906120639,"6","mixed forest"
906120640,"6","mixed forest"
906120690,"17","urban"
906120691,"17","urban"
906120692,"17","urban"
906120693,"17","urban"
906120694,"8","shrubland"
906120738,"6","mixed forest"
906120739,"6","mixed forest"
906120754,"8","shrubland"
906120778,"1","needleleaf"
906120779,"1","needleleaf"
906120780,"1","needleleaf"
906120781,"6","mixed forest"
906120793,"8","shrubland"
906120794,"5","broadleaf"
906120799,"6","mixed forest"
906120800,"17","urban"
906120801,"5","broadleaf"
906120816,"6","mixed forest"
906120817,"1","needleleaf"
906120818,"5","broadleaf"
906120820,"5","broadleaf"
906120826,"5","broadleaf"
906120869,"6","mixed forest"
906120870,"1","needleleaf"
906120871,"5","broadleaf"
906120872,"6","mixed forest"
906120873,"6","mixed forest"
906120883,"6","mixed forest"
906120884,"6","mixed forest"
906120885,"6","mixed forest"
906120886,"6","mixed forest"
906120893,"6","mixed forest"
906120894,"6","mixed forest"
906120900,"6","mixed forest"
906120901,"6","mixed forest"
906120919,"5","broadleaf"
906120920,"6","mixed forest"
906120922,"6","mixed forest"
906120923,"6","mixed forest"
906120924,"6","mixed forest"
906120925,"1","needleleaf"
906120926,"1","needleleaf"
906120930,"18","water"
906120931,"6","mixed forest"
906120932,"6","mixed forest"
906120933,"6","mixed forest"
906120935,"6","mixed forest"
906120936,"6","mixed forest"
906120957,"1","needleleaf"
906120958,"1","needleleaf"
906120959,"1","needleleaf"
906120962,"1","needleleaf"
906120970,"1","needleleaf"
906120971,"5","broadleaf"
906120982,"5","broadleaf"
906121055,"6","mixed forest"
906121062,"6","mixed forest"
906121063,"5","broadleaf"
906121098,"6","mixed forest"
906121099,"1","needleleaf"
906121135,"1","needleleaf"
906121144,"6","mixed forest"
906121149,"17","urban"
906121150,"17","urban"
906121170,"1","needleleaf"
906121171,"1","needleleaf"
906121175,"1","needleleaf"
906121176,"1","needleleaf"
906121180,"5","broadleaf"
906121181,"6","mixed forest"
906121191,"5","broadleaf"
906121192,"5","broadleaf"
906121193,"5","broadleaf"
906121209,"1","needleleaf"
906121210,"8","shrubland"
906121218,"1","needleleaf"
906121224,"5","broadleaf"
906121225,"5","broadleaf"
906121226,"6","mixed forest"
906121227,"5","broadleaf"
906121239,"6","mixed forest"
906121251,"6","mixed forest"
906121252,"6","mixed forest"
906121253,"6","mixed forest"
906121274,"1","needleleaf"
906121275,"1","needleleaf"
906121311,"5","broadleaf"
906121314,"5","broadleaf"
906121315,"8","shrubland"
906121353,"8","shrubland"
906121354,"8","shrubland"
906121368,"5","broadleaf"
906121369,"1","needleleaf"
906121370,"6","mixed forest"
906121371,"6","mixed forest"
906121372,"17","urban"
906121373,"17","urban"
906121380,"1","needleleaf"
906121381,"5","broadleaf"
906121382,"1","needleleaf"
906121383,"1","needleleaf"
906121414,"6","mixed forest"
906121415,"5","broadleaf"
906121416,"5","broadleaf"
906121417,"5","broadleaf"
906121418,"1","needleleaf"
906121480,"1","needleleaf"
906121481,"1","needleleaf"
906121482,"6","mixed forest"
906121504,"6","mixed forest"
906121525,"5","broadleaf"
906121526,"5","broadleaf"
906121527,"6","mixed forest"
906121528,"6","mixed forest"
906121529,"6","mixed forest"
906121534,"6","mixed forest"
906121535,"6","mixed forest"
906121536,"6","mixed forest"
906121543,"6","mixed forest"
906121544,"1","needleleaf"
906121545,"6","mixed forest"
906121573,"17","urban"
906121589,"6","mixed forest"
906121590,"6","mixed forest"
906121608,"6","mixed forest"
906121609,"6","mixed forest"
906121610,"5","broadleaf"
906121617,"5","broadleaf"
906121618,"5","broadleaf"
906121619,"1","needleleaf"
906121620,"6","mixed forest"
906121621,"6","mixed forest"
906121624,"6","mixed forest"
906121625,"6","mixed forest"
906121651,"6","mixed forest"
906121661,"6","mixed forest"
906121662,"6","mixed forest"
906121667,"6","mixed forest"
906121676,"17","urban"
906121677,"6","mixed forest"
906121678,"6","mixed forest"
906121681,"1","needleleaf"
906121682,"1","needleleaf"
906121683,"1","needleleaf"
906121684,"6","mixed forest"
906121685,"1","needleleaf"
906121686,"1","needleleaf"
906121693,"1","needleleaf"
906121708,"8","shrubland"
906121709,"8","shrubland"
906121721,"1","needleleaf"
906121722,"1","needleleaf"
906121723,"6","mixed forest"
906121726,"6","mixed forest"
906121729,"6","mixed forest"
906121730,"6","mixed forest"
906121731,"6","mixed forest"
906121732,"6","mixed forest"
906121733,"6","mixed forest"
906121737,"6","mixed forest"
906121738,"6","mixed forest"
906121739,"6","mixed forest"
906121740,"6","mixed forest"
906121745,"1","needleleaf"
906121746,"1","needleleaf"
906121758,"8","shrubland"
906121759,"8","shrubland"
906121760,"1","needleleaf"
906121761,"1","needleleaf"
906121762,"6","mixed forest"
906121777,"5","broadleaf"
906121778,"6","mixed forest"
906121779,"6","mixed forest"
906121780,"6","mixed forest"
906121782,"6","mixed forest"
906121783,"6","mixed forest"
906121784,"6","mixed forest"
906121785,"17","urban"
906121788,"6","mixed forest"
906121789,"6","mixed forest"
906121790,"6","mixed forest"
906121799,"8","shrubland"
906121804,"5","broadleaf"
906121805,"6","mixed forest"
906121834,"6","mixed forest"
906121835,"6","mixed forest"
906121836,"6","mixed forest"
906121840,"8","shrubland"
906121841,"8","shrubland"
906121845,"6","mixed forest"
906121846,"1","needleleaf"
906121849,"6","mixed forest"
906121850,"6","mixed forest"
906121858,"1","needleleaf"
906121859,"1","needleleaf"
906121860,"6","mixed forest"
906121861,"6","mixed forest"
906121862,"6","mixed forest"
906121864,"6","mixed forest"
906121865,"6","mixed forest"
906121866,"6","mixed forest"
906121880,"1","needleleaf"
906121881,"1","needleleaf"
906121882,"1","needleleaf"
906121883,"6","mixed forest"
906121901,"5","broadleaf"
906121902,"6","mixed forest"
906121909,"1","needleleaf"
906121910,"18","water"
906121911,"18","water"
906121912,"18","water"
906121914,"1","needleleaf"
906121915,"1","needleleaf"
906121916,"1","needleleaf"
906121922,"1","needleleaf"
906121923,"1","needleleaf"
906121924,"1","needleleaf"
906121935,"8","shrubland"
906121936,"8","shrubland"
906121937,"8","shrubland"
906121962,"1","needleleaf"
906121973,"6","mixed forest"
906122000,"5","broadleaf"
906122005,"6","mixed forest"
906122006,"18","water"
906122136,"6","mixed forest"
906122137,"6","mixed forest"
906122138,"6","mixed forest"
906122141,"17","urban"
906122142,"6","mixed forest"
906122152,"6","mixed forest"
906122153,"6","mixed forest"
906122175,"5","broadleaf"
906122176,"6","mixed forest"
906122177,"6","mixed forest"
906122178,"6","mixed forest"
906122187,"17","urban"
906122188,"1","needleleaf"
906122189,"1","needleleaf"
906122244,"6","mixed forest"
906122250,"6","mixed forest"
906122251,"6","mixed forest"
906122258,"6","mixed forest"
906122259,"6","mixed forest"
906122260,"6","mixed forest"
906122308,"6","mixed forest"
906122309,"6","mixed forest"
906122310,"6","mixed forest"
906122321,"6","mixed forest"
906122348,"6","mixed forest"
906122377,"6","mixed forest"
906122389,"6","mixed forest"
906122390,"1","needleleaf"
906122391,"1","needleleaf"
906122461,"8","shrubland"
906122511,"6","mixed forest"
906122522,"6","mixed forest"
906122523,"1","needleleaf"
906122557,"8","shrubland"
906122569,"1","needleleaf"
906122570,"5","broadleaf"
906122571,"6","mixed forest"
906122578,"18","water"
906122579,"8","shrubland"
906122580,"6","mixed forest"
906122581,"6","mixed forest"
906122589,"17","urban"
906122590,"1","needleleaf"
906122602,"1","needleleaf"
906122606,"5","broadleaf"
906122607,"6","mixed forest"
906122616,"6","mixed forest"
906122617,"1","needleleaf"
906122637,"6","mixed forest"
906122638,"1","needleleaf"
906122646,"8","shrubland"
906122647,"6","mixed forest"
906122652,"1","needleleaf"
906122653,"1","needleleaf"
906122654,"1","needleleaf"
906122705,"17","urban"
906122734,"1","needleleaf"
906122735,"6","mixed forest"
906122736,"6","mixed forest"
906122737,"6","mixed forest"
906122764,"6","mixed forest"
906122765,"6","mixed forest"
906122788,"1","needleleaf"
906122789,"1","needleleaf"
906122790,"6","mixed forest"
906122791,"1","needleleaf"
906122792,"1","needleleaf"
906122793,"1","needleleaf"
906122804,"1","needleleaf"
906122805,"5","broadleaf"
906122806,"6","mixed forest"
906122815,"1","needleleaf"
906122816,"6","mixed forest"
906122832,"8","shrubland"
906122845,"6","mixed forest"
906122846,"6","mixed forest"
906122847,"6","mixed forest"
906122856,"5","broadleaf"
906122857,"6","mixed forest"
906122858,"6","mixed forest"
906122869,"5","broadleaf"
906122870,"5","broadleaf"
906122871,"5","broadleaf"
906122872,"5","broadleaf"
906122873,"1","needleleaf"
906122874,"8","shrubland"
906122882,"6","mixed forest"
906122890,"6","mixed forest"
906122891,"6","mixed forest"
906123020,"8","shrubland"
906123021,"6","mixed forest"
906123022,"6","mixed forest"
906123049,"8","shrubland"
906123136,"1","needleleaf"
906123143,"1","needleleaf"
906123144,"6","mixed forest"
906123145,"6","mixed forest"
906123174,"6","mixed forest"
906123192,"1","needleleaf"
906123193,"1","needleleaf"
906123194,"1","needleleaf"
906123195,"1","needleleaf"
906123212,"17","urban"
906123213,"6","mixed forest"
906123227,"1","needleleaf"
906123231,"1","needleleaf"
906123232,"1","needleleaf"
906123233,"18","water"
906123256,"6","mixed forest"
906123283,"1","needleleaf"
906123284,"8","shrubland"
906123286,"6","mixed forest"
906123287,"6","mixed forest"
906123288,"6","mixed forest"
906123348,"6","mixed forest"
906123349,"6","mixed forest"
906123350,"1","needleleaf"
906123351,"1","needleleaf"
906123354,"8","shrubland"
906123417,"6","mixed forest"
906123418,"1","needleleaf"
906123423,"6","mixed forest"
906123425,"6","mixed forest"
906123463,"6","mixed forest"
906123481,"5","broadleaf"
906123482,"6","mixed forest"
906123483,"8","shrubland"
906123485,"6","mixed forest"
906123486,"6","mixed forest"
906123487,"6","mixed forest"
906123495,"5","broadleaf"
906123496,"5","broadleaf"
906123497,"5","broadleaf"
906123498,"6","mixed forest"
906123578,"6","mixed forest"
906123579,"6","mixed forest"
906123580,"6","mixed forest"
906123581,"6","mixed forest"
906123582,"6","mixed forest"
906123583,"8","shrubland"
906123592,"5","broadleaf"
906123620,"5","broadleaf"
906123621,"6","mixed forest"
906123622,"6","mixed forest"
906123623,"6","mixed forest"
906123648,"6","mixed forest"
906123663,"8","shrubland"
906123664,"1","needleleaf"
906123665,"8","shrubland"
906123718,"1","needleleaf"
906123719,"6","mixed forest"
906123720,"6","mixed forest"
906123731,"6","mixed forest"
906123732,"6","mixed forest"
906123734,"6","mixed forest"
906123742,"6","mixed forest"
906123743,"6","mixed forest"
906123748,"6","mixed forest"
906123749,"6","mixed forest"
906123821,"6","mixed forest"
906123822,"1","needleleaf"
906123823,"6","mixed forest"
906123824,"17","urban"
906123847,"1","needleleaf"
906123848,"1","needleleaf"
906123849,"1","needleleaf"
906123850,"1","needleleaf"
906123861,"5","broadleaf"
906123862,"5","broadleaf"
906123863,"5","broadleaf"
906123864,"6","mixed forest"
906123865,"6","mixed forest"
906123866,"6","mixed forest"
906123867,"18","water"
906123868,"18","water"
906123881,"6","mixed forest"
906123882,"6","mixed forest"
906123883,"1","needleleaf"
906123884,"5","broadleaf"
906123885,"1","needleleaf"
906123890,"8","shrubland"
906123892,"6","mixed forest"
906123893,"6","mixed forest"
906123896,"5","broadleaf"
906123897,"1","needleleaf"
906123903,"6","mixed forest"
906123904,"18","water"
906123905,"18","water"
906123906,"18","water"
906123907,"18","water"
906123925,"6","mixed forest"
906123959,"6","mixed forest"
906123960,"6","mixed forest"
906123961,"1","needleleaf"
906123982,"6","mixed forest"
906123983,"6","mixed forest"
906124002,"1","needleleaf"
906124003,"1","needleleaf"
906124004,"1","needleleaf"
906124005,"1","needleleaf"
906124021,"5","broadleaf"
906124022,"5","broadleaf"
906124023,"6","mixed forest"
906124024,"6","mixed forest"
906124025,"6","mixed forest"
906124026,"6","mixed forest"
906124027,"5","broadleaf"
906124030,"6","mixed forest"
906124031,"6","mixed forest"
906124045,"6","mixed forest"
906124065,"6","mixed forest"
906124066,"6","mixed forest"
906124076,"1","needleleaf"
906124081,"6","mixed forest"
906124082,"17","urban"
906124083,"17","urban"
906124088,"1","needleleaf"
906124089,"1","needleleaf"
906124098,"6","mixed forest"
906124099,"6","mixed forest"
906124100,"6","mixed forest"
906124130,"6","mixed forest"
906124134,"8","shrubland"
906124135,"8","shrubland"
906124136,"1","needleleaf"
906124144,"6","mixed forest"
906124145,"6","mixed forest"
906124184,"18","water"
906124185,"18","water"
906124188,"6","mixed forest"
906124189,"6","mixed forest"
906124190,"1","needleleaf"
906124191,"6","mixed forest"
906124194,"6","mixed forest"
906124195,"6","mixed forest"
906124196,"6","mixed forest"
906124201,"1","needleleaf"
906124202,"5","broadleaf"
906124203,"6","mixed forest"
906124204,"6","mixed forest"
906124205,"6","mixed forest"
906124206,"6","mixed forest"
906124207,"6","mixed forest"
906124208,"5","broadleaf"
906124209,"6","mixed forest"
906124216,"1","needleleaf"
906124217,"1","needleleaf"
906124218,"6","mixed forest"
906124219,"6","mixed forest"
906124220,"6","mixed forest"
906124227,"6","mixed forest"
906124232,"17","urban"
906124233,"17","urban"
906124234,"17","urban"
906124261,"6","mixed forest"
906124262,"1","needleleaf"
906124263,"1","needleleaf"
906124267,"1","needleleaf"
906124268,"1","needleleaf"
906124269,"1","needleleaf"
906124277,"1","needleleaf"
906124278,"5","broadleaf"
906124279,"5","broadleaf"
906124289,"6","mixed forest"
906124299,"6","mixed forest"
906124304,"18","water"
906124305,"6","mixed forest"
906124306,"1","needleleaf"
906124307,"6","mixed forest"
906124315,"1","needleleaf"
906124316,"1","needleleaf"
906124317,"1","needleleaf"
906124318,"1","needleleaf"
906124333,"6","mixed forest"
906124334,"6","mixed forest"
906124335,"6","mixed forest"
906124336,"5","broadleaf"
906124346,"5","broadleaf"
906124347,"6","mixed forest"
906124348,"6","mixed forest"
906124349,"6","mixed forest"
906124350,"6","mixed forest"
906124367,"6","mixed forest"
906124368,"18","water"
906124378,"6","mixed forest"
906124379,"6","mixed forest"
906124380,"1","needleleaf"
906124381,"6","mixed forest"
906124387,"6","mixed forest"
906124388,"6","mixed forest"
906124389,"6","mixed forest"
906124390,"6","mixed forest"
906124396,"6","mixed forest"
906124398,"6","mixed forest"
906124399,"6","mixed forest"
906124400,"6","mixed forest"
906124401,"6","mixed forest"
906124408,"18","water"
906124409,"6","mixed forest"
906124410,"6","mixed forest"
906124414,"6","mixed forest"
906124415,"6","mixed forest"
906124421,"6","mixed forest"
906124422,"6","mixed forest"
906124424,"6","mixed forest"
906124427,"8","shrubland"
906124428,"8","shrubland"
906124429,"6","mixed forest"
906124442,"6","mixed forest"
906124443,"6","mixed forest"
906124444,"6","mixed forest"
906124445,"6","mixed forest"
906124446,"1","needleleaf"
906124449,"5","broadleaf"
906124450,"5","broadleaf"
906124469,"6","mixed forest"
906124470,"6","mixed forest"
906124505,"1","needleleaf"
906124507,"1","needleleaf"
906124508,"6","mixed forest"
906124514,"1","needleleaf"
906124515,"1","needleleaf"
906124529,"5","broadleaf"
906124530,"6","mixed forest"
906124571,"6","mixed forest"
906124572,"6","mixed forest"
906124573,"6","mixed forest"
906124602,"6","mixed forest"
906124649,"5","broadleaf"
906124650,"6","mixed forest"
906124651,"1","needleleaf"
906124652,"1","needleleaf"
906124654,"6","mixed forest"
906124657,"1","needleleaf"
906124674,"6","mixed forest"
906124675,"17","urban"
906124676,"17","urban"
906124680,"1","needleleaf"
906124763,"18","water"
906124766,"8","shrubland"
906124772,"6","mixed forest"
906124773,"6","mixed forest"
906124774,"6","mixed forest"
906124775,"6","mixed forest"
906124782,"1","needleleaf"
906124803,"6","mixed forest"
906124804,"6","mixed forest"
906124824,"6","mixed forest"
906124836,"1","needleleaf"
906124837,"5","broadleaf"
906124840,"6","mixed forest"
906124847,"6","mixed forest"
906124848,"1","needleleaf"
906124849,"18","water"
906124850,"18","water"
906124886,"6","mixed forest"
906124887,"1","needleleaf"
906124914,"6","mixed forest"
906124921,"6","mixed forest"
906124925,"8","shrubland"
906124926,"6","mixed forest"
906124927,"6","mixed forest"
906124928,"1","needleleaf"
906124929,"1","needleleaf"
906124989,"1","needleleaf"
906124990,"1","needleleaf"
906124993,"6","mixed forest"
906124994,"6","mixed forest"
906125010,"6","mixed forest"
906125029,"6","mixed forest"
906125038,"6","mixed forest"
906125039,"1","needleleaf"
906125068,"6","mixed forest"
906125084,"6","mixed forest"
906125085,"1","needleleaf"
906125086,"6","mixed forest"
906125087,"6","mixed forest"
906125140,"5","broadleaf"
906125141,"5","broadleaf"
906125142,"6","mixed forest"
906125143,"6","mixed forest"
906125144,"17","urban"
906125145,"17","urban"
906125175,"1","needleleaf"
906125183,"5","broadleaf"
906125184,"6","mixed forest"
906125189,"5","broadleaf"
906125196,"6","mixed forest"
906125235,"5","broadleaf"
906125239,"5","broadleaf"
906125240,"5","broadleaf"
906125241,"1","needleleaf"
906125264,"6","mixed forest"
906125265,"6","mixed forest"
906125266,"6","mixed forest"
906125267,"5","broadleaf"
906125268,"5","broadleaf"
906125271,"5","broadleaf"
906125272,"1","needleleaf"
906125321,"6","mixed forest"
906125322,"6","mixed forest"
906125344,"6","mixed forest"
906125345,"1","needleleaf"
906125346,"1","needleleaf"
906125347,"17","urban"
906125348,"6","mixed forest"
906125349,"6","mixed forest"
906125350,"1","needleleaf"
906125351,"1","needleleaf"
906125352,"18","water"
906125356,"6","mixed forest"
906125364,"1","needleleaf"
906125365,"17","urban"
906125380,"6","mixed forest"
906125381,"6","mixed forest"
906125382,"6","mixed forest"
906125414,"1","needleleaf"
906125415,"1","needleleaf"
906125416,"1","needleleaf"
906125420,"6","mixed forest"
906125421,"6","mixed forest"
906125440,"1","needleleaf"
906125441,"1","needleleaf"
906125462,"6","mixed forest"
906125465,"6","mixed forest"
906125480,"17","urban"
906125481,"6","mixed forest"
906125491,"6","mixed forest"
906125492,"6","mixed forest"
906125493,"1","needleleaf"
906125494,"1","needleleaf"
906125499,"6","mixed forest"
906125533,"5","broadleaf"
906125549,"5","broadleaf"
906125550,"5","broadleaf"
906125551,"6","mixed forest"
906125561,"6","mixed forest"
906125582,"17","urban"
906125583,"17","urban"
906125584,"17","urban"
906125585,"6","mixed forest"
906125586,"6","mixed forest"
906125588,"6","mixed forest"
906125595,"6","mixed forest"
906125618,"1","needleleaf"
906125619,"1","needleleaf"
906125634,"1","needleleaf"
906125644,"6","mixed forest"
906125645,"1","needleleaf"
906125651,"1","needleleaf"
906125652,"1","needleleaf"
906125653,"6","mixed forest"
906125654,"1","needleleaf"
906125666,"17","urban"
906125701,"6","mixed forest"
906125713,"6","mixed forest"
906125730,"5","broadleaf"
906125755,"6","mixed forest"
906125756,"1","needleleaf"
906125771,"6","mixed forest"
906125772,"6","mixed forest"
906125828,"6","mixed forest"
906125848,"6","mixed forest"
906125849,"6","mixed forest"
906125850,"1","needleleaf"
906125886,"1","needleleaf"
906125887,"6","mixed forest"
906125888,"18","water"
906125896,"6","mixed forest"
906125916,"1","needleleaf"
906125951,"6","mixed forest"
906125952,"6","mixed forest"
906125953,"8","shrubland"
906125959,"6","mixed forest"
906125960,"6","mixed forest"
906126031,"1","needleleaf"
906126032,"6","mixed forest"
906126045,"18","water"
906126046,"8","shrubland"
906126047,"1","needleleaf"
906126054,"18","water"
906126055,"6","mixed forest"
906126056,"1","needleleaf"
906126057,"1","needleleaf"
906126078,"6","mixed forest"
906126079,"6","mixed forest"
906126085,"1","needleleaf"
906126086,"8","shrubland"
906126087,"5","broadleaf"
906126088,"1","needleleaf"
906126089,"1","needleleaf"
906126094,"18","water"
906126103,"6","mixed forest"
906126108,"1","needleleaf"
906126138,"5","broadleaf"
906126139,"6","mixed forest"
906126140,"6","mixed forest"
906126159,"1","needleleaf"
906126180,"6","mixed forest"
906126223,"5","broadleaf"
906126224,"6","mixed forest"
906126225,"6","mixed forest"
906126226,"6","mixed forest"
906126261,"6","mixed forest"
906126270,"17","urban"
906126289,"6","mixed forest"
906126310,"8","shrubland"
906126332,"1","needleleaf"
906126333,"1","needleleaf"
906126336,"6","mixed forest"
906126339,"1","needleleaf"
906126340,"1","needleleaf"
906126350,"1","needleleaf"
906126353,"1","needleleaf"
906126356,"1","needleleaf"
906126357,"1","needleleaf"
906126377,"1","needleleaf"
906126379,"1","needleleaf"
906126380,"1","needleleaf"
906126381,"1","needleleaf"
906126382,"1","needleleaf"
906126383,"1","needleleaf"
906126412,"6","mixed forest"
906126413,"6","mixed forest"
906126414,"1","needleleaf"
906126417,"5","broadleaf"
906126418,"5","broadleaf"
906126430,"6","mixed forest"
906126431,"6","mixed forest"
906126448,"17","urban"
906126457,"5","broadleaf"
906126519,"1","needleleaf"
906126520,"1","needleleaf"
906126521,"5","broadleaf"
906126522,"5","broadleaf"
906126523,"5","broadleaf"
906126524,"1","needleleaf"
906126525,"1","needleleaf"
906126526,"1","needleleaf"
906126527,"17","urban"
906126528,"17","urban"
906126600,"5","broadleaf"
906126601,"5","broadleaf"
906126606,"1","needleleaf"
906126607,"17","urban"
906126608,"17","urban"
906126609,"17","urban"
906126616,"5","broadleaf"
906126617,"5","broadleaf"
906126618,"5","broadleaf"
906126619,"5","broadleaf"
906126631,"6","mixed forest"
906126640,"6","mixed forest"
906126641,"6","mixed forest"
906126642,"1","needleleaf"
906126643,"5","broadleaf"
906126644,"5","broadleaf"
906126645,"5","broadleaf"
906126646,"1","needleleaf"
906126660,"18","water"
906126661,"18","water"
906126662,"18","water"
906126663,"6","mixed forest"
906126664,"6","mixed forest"
906126674,"6","mixed forest"
906126675,"6","mixed forest"
906126702,"1","needleleaf"
906126703,"6","mixed forest"
906126753,"6","mixed forest"
906126754,"6","mixed forest"
906126804,"1","needleleaf"
906126805,"1","needleleaf"
906126810,"1","needleleaf"
906126811,"17","urban"
906126812,"5","broadleaf"
906126813,"18","water"
906126829,"1","needleleaf"
906126830,"5","broadleaf"
906126845,"6","mixed forest"
906126852,"5","broadleaf"
906126853,"5","broadleaf"
906126864,"8","shrubland"
906126865,"6","mixed forest"
906126872,"1","needleleaf"
906126873,"6","mixed forest"
906126876,"1","needleleaf"
906126877,"1","needleleaf"
906126898,"6","mixed forest"
906126899,"17","urban"
906126938,"8","shrubland"
906126956,"1","needleleaf"
906127008,"1","needleleaf"
906127028,"6","mixed forest"
906127038,"6","mixed forest"
906127097,"17","urban"
906127116,"6","mixed forest"
906127117,"5","broadleaf"
906127118,"5","broadleaf"
906127122,"6","mixed forest"
906127193,"1","needleleaf"
906127231,"1","needleleaf"
906127232,"1","needleleaf"
906127243,"5","broadleaf"
906127255,"6","mixed forest"
906127256,"1","needleleaf"
906127257,"5","broadleaf"
906127265,"6","mixed forest"
906127275,"5","broadleaf"
906127276,"5","broadleaf"
906127277,"6","mixed forest"
906127278,"1","needleleaf"
906127279,"1","needleleaf"
906127282,"1","needleleaf"
906127303,"6","mixed forest"
906127330,"8","shrubland"
906127331,"1","needleleaf"
906127359,"6","mixed forest"
906127365,"8","shrubland"
906127389,"6","mixed forest"
906127408,"1","needleleaf"
906127449,"1","needleleaf"
906127450,"6","mixed forest"
906127451,"5","broadleaf"
906127462,"1","needleleaf"
906127463,"1","needleleaf"
906127468,"1","needleleaf"
906127469,"1","needleleaf"
906127491,"18","water"
906127543,"1","needleleaf"
906127549,"5","broadleaf"
906127567,"6","mixed forest"
906127582,"6","mixed forest"
906127583,"6","mixed forest"
906127592,"6","mixed forest"
906127593,"1","needleleaf"
906127594,"1","needleleaf"
906127595,"5","broadleaf"
906127629,"17","urban"
906127639,"6","mixed forest"
906127640,"6","mixed forest"
906127658,"1","needleleaf"
906127660,"1","needleleaf"
906127690,"6","mixed forest"
906127691,"1","needleleaf"
906127729,"6","mixed forest"
906127730,"8","shrubland"
906127739,"1","needleleaf"
906127758,"5","broadleaf"
906127759,"6","mixed forest"
906127786,"1","needleleaf"
906127800,"8","shrubland"
906127824,"6","mixed forest"
906127839,"6","mixed forest"
906127840,"6","mixed forest"
906127841,"8","shrubland"
906127902,"1","needleleaf"
906127903,"6","mixed forest"
906127963,"1","needleleaf"
906127980,"5","broadleaf"
906127981,"6","mixed forest"
906128001,"6","mixed forest"
906128002,"6","mixed forest"
906128013,"1","needleleaf"
906128014,"1","needleleaf"
906128046,"6","mixed forest"
906128047,"6","mixed forest"
906128059,"1","needleleaf"
906128097,"5","broadleaf"
906128107,"1","needleleaf"
906128108,"1","needleleaf"
906128109,"1","needleleaf"
906128110,"1","needleleaf"
906128156,"6","mixed forest"
906128157,"6","mixed forest"
906128158,"6","mixed forest"
906128173,"1","needleleaf"
906128176,"6","mixed forest"
906128177,"1","needleleaf"
906128178,"5","broadleaf"
906128210,"6","mixed forest"
906128211,"6","mixed forest"
906128212,"6","mixed forest"
906128213,"1","needleleaf"
906128214,"1","needleleaf"
906128234,"1","needleleaf"
906128258,"6","mixed forest"
906128280,"6","mixed forest"
906128281,"6","mixed forest"
906128310,"1","needleleaf"
906128311,"5","broadleaf"
906128312,"6","mixed forest"
906128352,"5","broadleaf"
906128353,"5","broadleaf"
906128354,"6","mixed forest"
906128355,"6","mixed forest"
906128356,"8","shrubland"
906128357,"8","shrubland"
906128379,"18","water"
906128394,"6","mixed forest"
906128407,"6","mixed forest"
906128408,"5","broadleaf"
906128420,"6","mixed forest"
906128421,"6","mixed forest"
906128440,"6","mixed forest"
906128441,"5","broadleaf"
906128447,"6","mixed forest"
906128448,"5","broadleaf"
906128449,"6","mixed forest"
906128450,"5","broadleaf"
906128451,"5","broadleaf"
906128452,"6","mixed forest"
906128463,"6","mixed forest"
906128464,"5","broadleaf"
906128499,"1","needleleaf"
906128500,"6","mixed forest"
906128501,"5","broadleaf"
906128510,"6","mixed forest"
906128553,"18","water"
906128554,"18","water"
906128581,"1","needleleaf"
906128582,"5","broadleaf"
906128583,"6","mixed forest"
906128584,"6","mixed forest"
906128591,"6","mixed forest"
906128592,"6","mixed forest"
906128593,"6","mixed forest"
906128603,"5","broadleaf"
906128604,"6","mixed forest"
906128605,"5","broadleaf"
906128610,"6","mixed forest"
906128611,"6","mixed forest"
906128621,"5","broadleaf"
906128635,"5","broadleaf"
906128639,"1","needleleaf"
906128657,"6","mixed forest"
906128658,"6","mixed forest"
906128672,"1","needleleaf"
906128673,"1","needleleaf"
906128674,"1","needleleaf"
906128683,"6","mixed forest"
906128706,"6","mixed forest"
906128707,"1","needleleaf"
906128708,"1","needleleaf"
906128709,"6","mixed forest"
906128755,"6","mixed forest"
906128756,"6","mixed forest"
906128757,"5","broadleaf"
906128774,"6","mixed forest"
906128775,"6","mixed forest"
906128787,"6","mixed forest"
906128788,"6","mixed forest"
906128802,"1","needleleaf"
906128803,"1","needleleaf"
906128812,"6","mixed forest"
906128813,"6","mixed forest"
906128846,"6","mixed forest"
906128847,"6","mixed forest"
906128848,"6","mixed forest"
906128859,"8","shrubland"
906128886,"1","needleleaf"
906128891,"6","mixed forest"
906128892,"6","mixed forest"
906128893,"5","broadleaf"
906128920,"6","mixed forest"
906128921,"6","mixed forest"
906128922,"6","mixed forest"
906128924,"1","needleleaf"
906128925,"1","needleleaf"
906128963,"6","mixed forest"
906128970,"6","mixed forest"
906128971,"6","mixed forest"
906128972,"6","mixed forest"
906128973,"18","water"
906128974,"18","water"
906128975,"1","needleleaf"
906128992,"1","needleleaf"
906128993,"1","needleleaf"
906129015,"5","broadleaf"
906129016,"8","shrubland"
906129020,"1","needleleaf"
906129021,"1","needleleaf"
906129038,"6","mixed forest"
906129040,"6","mixed forest"
906129041,"5","broadleaf"
906129042,"6","mixed forest"
906129043,"6","mixed forest"
906129044,"6","mixed forest"
906129076,"6","mixed forest"
906129092,"6","mixed forest"
906129182,"1","needleleaf"
906129196,"6","mixed forest"
906129197,"6","mixed forest"
906129210,"1","needleleaf"
906129214,"6","mixed forest"
906129222,"1","needleleaf"
906129223,"6","mixed forest"
906129224,"6","mixed forest"
906129225,"6","mixed forest"
906129228,"6","mixed forest"
906129229,"18","water"
906129264,"1","needleleaf"
906129265,"1","needleleaf"
906129283,"6","mixed forest"
906129284,"6","mixed forest"
906129285,"5","broadleaf"
906129286,"5","broadleaf"
906129287,"6","mixed forest"
906129294,"1","needleleaf"
906129295,"1","needleleaf"
906129296,"17","urban"
906129297,"17","urban"
906129298,"6","mixed forest"
906129299,"6","mixed forest"
906129309,"1","needleleaf"
906129321,"6","mixed forest"
906129349,"6","mixed forest"
906129350,"1","needleleaf"
906129370,"6","mixed forest"
906129398,"1","needleleaf"
906129399,"6","mixed forest"
906129400,"1","needleleaf"
906129401,"5","broadleaf"
906129402,"6","mixed forest"
906129427,"6","mixed forest"
906129436,"1","needleleaf"
906129437,"17","urban"
906129442,"1","needleleaf"
906129443,"6","mixed forest"
906129444,"6","mixed forest"
906129446,"1","needleleaf"
906129460,"6","mixed forest"
906129461,"6","mixed forest"
906129462,"1","needleleaf"
906129474,"6","mixed forest"
906129475,"6","mixed forest"
906129476,"6","mixed forest"
906129483,"18","water"
906129486,"1","needleleaf"
906129487,"6","mixed forest"
906129491,"6","mixed forest"
906129492,"5","broadleaf"
906129493,"8","shrubland"
906129506,"1","needleleaf"
906129531,"6","mixed forest"
906129532,"6","mixed forest"
906129533,"6","mixed forest"
906129534,"1","needleleaf"
906129535,"1","needleleaf"
906129536,"6","mixed forest"
906129537,"6","mixed forest"
906129538,"1","needleleaf"
906129539,"1","needleleaf"
906129543,"6","mixed forest"
906129544,"6","mixed forest"
906129583,"1","needleleaf"
906129584,"1","needleleaf"
906129592,"1","needleleaf"
906129593,"1","needleleaf"
906129663,"6","mixed forest"
906129676,"17","urban"
906129677,"6","mixed forest"
906129732,"1","needleleaf"
906129733,"5","broadleaf"
906129734,"1","needleleaf"
906129749,"6","mixed forest"
906129750,"1","needleleaf"
906129751,"18","water"
906129752,"6","mixed forest"
906129753,"6","mixed forest"
906129764,"6","mixed forest"
906129765,"6","mixed forest"
906129766,"1","needleleaf"
906129767,"1","needleleaf"
906129768,"6","mixed forest"
906129769,"6","mixed forest"
906129772,"6","mixed forest"
906129773,"6","mixed forest"
906129774,"1","needleleaf"
906129775,"1","needleleaf"
906129780,"1","needleleaf"
906129781,"1","needleleaf"
906129782,"17","urban"
906129788,"6","mixed forest"
906129789,"6","mixed forest"
906129808,"1","needleleaf"
906129863,"1","needleleaf"
906129903,"1","needleleaf"
906129906,"6","mixed forest"
906129907,"1","needleleaf"
906129929,"6","mixed forest"
906129936,"6","mixed forest"
906129937,"5","broadleaf"
906129938,"6","mixed forest"
906129939,"6","mixed forest"
906129952,"5","broadleaf"
906129953,"1","needleleaf"
906129954,"6","mixed forest"
906129955,"6","mixed forest"
906129956,"5","broadleaf"
906129957,"6","mixed forest"
906129958,"1","needleleaf"
906129959,"6","mixed forest"
906129960,"1","needleleaf"
906129961,"6","mixed forest"
906129962,"1","needleleaf"
906129990,"17","urban"
906129991,"6","mixed forest"
906130070,"1","needleleaf"
906130074,"1","needleleaf"
906130089,"6","mixed forest"
906130098,"8","shrubland"
906130139,"1","needleleaf"
906130145,"1","needleleaf"
906130164,"6","mixed forest"
906130165,"1","needleleaf"
906130166,"6","mixed forest"
906130168,"1","needleleaf"
906130169,"1","needleleaf"
906130170,"6","mixed forest"
906130171,"6","mixed forest"
906130172,"6","mixed forest"
906130205,"6","mixed forest"
906130206,"6","mixed forest"
906130237,"17","urban"
906130238,"6","mixed forest"
906130263,"6","mixed forest"
906130264,"6","mixed forest"
906130268,"6","mixed forest"
906130269,"6","mixed forest"
906130334,"6","mixed forest"
906130339,"6","mixed forest"
906130340,"1","needleleaf"
906130353,"6","mixed forest"
906130364,"1","needleleaf"
906130365,"17","urban"
906130366,"6","mixed forest"
906130367,"6","mixed forest"
906130414,"6","mixed forest"
906130416,"6","mixed forest"
906130417,"6","mixed forest"
906130418,"1","needleleaf"
906130440,"1","needleleaf"
906130441,"5","broadleaf"
906130442,"1","needleleaf"
906130507,"1","needleleaf"
906130508,"6","mixed forest"
906130509,"6","mixed forest"
906130552,"5","broadleaf"
906130553,"5","broadleaf"
906130554,"5","broadleaf"
906130558,"1","needleleaf"
906130559,"1","needleleaf"
906130560,"18","water"
906130633,"6","mixed forest"
906130634,"6","mixed forest"
906130642,"6","mixed forest"
906130656,"6","mixed forest"
906130657,"6","mixed forest"
906130658,"6","mixed forest"
906130659,"1","needleleaf"
906130666,"6","mixed forest"
906130667,"6","mixed forest"
906130668,"6","mixed forest"
906130688,"5","broadleaf"
906130689,"5","broadleaf"
906130690,"6","mixed forest"
906130691,"6","mixed forest"
906130692,"6","mixed forest"
906130712,"5","broadleaf"
906130713,"1","needleleaf"
906130714,"1","needleleaf"
906130746,"1","needleleaf"
906130747,"1","needleleaf"
906130780,"1","needleleaf"
906130781,"6","mixed forest"
906130783,"6","mixed forest"
906130788,"17","urban"
906130789,"17","urban"
906130801,"6","mixed forest"
906130810,"5","broadleaf"
906130811,"6","mixed forest"
906130812,"6","mixed forest"
906130813,"8","shrubland"
906130814,"8","shrubland"
906130869,"1","needleleaf"
906130870,"8","shrubland"
906130889,"1","needleleaf"
906130944,"6","mixed forest"
906130951,"1","needleleaf"
906130987,"6","mixed forest"
906131070,"1","needleleaf"
906131071,"1","needleleaf"
906131099,"1","needleleaf"
906131106,"1","needleleaf"
906131107,"6","mixed forest"
906131123,"1","needleleaf"
906131124,"1","needleleaf"
906131149,"5","broadleaf"
906131166,"6","mixed forest"
906131167,"1","needleleaf"
906131175,"1","needleleaf"
906131184,"6","mixed forest"
906131212,"1","needleleaf"
906131213,"6","mixed forest"
906131214,"1","needleleaf"
906131215,"6","mixed forest"
906131263,"6","mixed forest"
906131264,"6","mixed forest"
906131265,"6","mixed forest"
906131266,"6","mixed forest"
906131267,"6","mixed forest"
906131268,"6","mixed forest"
906131269,"1","needleleaf"
906131301,"1","needleleaf"
906131302,"6","mixed forest"
906131303,"6","mixed forest"
906131304,"6","mixed forest"
906131305,"6","mixed forest"
906131306,"6","mixed forest"
906131307,"1","needleleaf"
906131326,"1","needleleaf"
906131360,"6","mixed forest"
906131363,"18","water"
906131389,"6","mixed forest"
906131390,"6","mixed forest"
906131399,"1","needleleaf"
906131416,"1","needleleaf"
906131417,"5","broadleaf"
906131443,"17","urban"
906131444,"6","mixed forest"
906131445,"5","broadleaf"
906131446,"6","mixed forest"
906131447,"6","mixed forest"
906131475,"6","mixed forest"
906131483,"6","mixed forest"
906131484,"6","mixed forest"
906131511,"5","broadleaf"
906131512,"6","mixed forest"
906131513,"6","mixed forest"
906131514,"5","broadleaf"
906131522,"1","needleleaf"
906131525,"5","broadleaf"
906131567,"1","needleleaf"
906131568,"1","needleleaf"
906131569,"6","mixed forest"
906131570,"6","mixed forest"
906131587,"6","mixed forest"
906131596,"5","broadleaf"
906131600,"6","mixed forest"
906131601,"1","needleleaf"
906131632,"6","mixed forest"
906131639,"18","water"
906131640,"1","needleleaf"
906131641,"1","needleleaf"
906131658,"6","mixed forest"
906131659,"6","mixed forest"
906131660,"6","mixed forest"
906131661,"1","needleleaf"
906131662,"1","needleleaf"
906131686,"6","mixed forest"
906131687,"1","needleleaf"
906131723,"5","broadleaf"
906131724,"5","broadleaf"
906131781,"1","needleleaf"
906131782,"1","needleleaf"
906131783,"1","needleleaf"
906131809,"1","needleleaf"
906131813,"1","needleleaf"
906131838,"6","mixed forest"
906131882,"6","mixed forest"
906131883,"6","mixed forest"
906131884,"6","mixed forest"
906131885,"1","needleleaf"
906131886,"1","needleleaf"
906131900,"6","mixed forest"
906131901,"8","shrubland"
906131908,"6","mixed forest"
906131936,"5","broadleaf"
906131937,"6","mixed forest"
906131938,"1","needleleaf"
906131939,"1","needleleaf"
906131978,"6","mixed forest"
906132019,"1","needleleaf"
906132020,"6","mixed forest"
906132029,"1","needleleaf"
906132030,"6","mixed forest"
906132037,"6","mixed forest"
906132038,"1","needleleaf"
906132039,"6","mixed forest"
906132049,"6","mixed forest"
906132050,"6","mixed forest"
906132078,"6","mixed forest"
906132097,"6","mixed forest"
906132098,"6","mixed forest"
906132099,"1","needleleaf"
906132100,"1","needleleaf"
906132158,"6","mixed forest"
906132170,"17","urban"
906132179,"5","broadleaf"
906132181,"6","mixed forest"
906132182,"6","mixed forest"
906132183,"17","urban"
906132220,"6","mixed forest"
906132236,"1","needleleaf"
906132237,"1","needleleaf"
906132238,"1","needleleaf"
906132263,"1","needleleaf"
906132272,"6","mixed forest"
906132273,"5","broadleaf"
906132274,"6","mixed forest"
906132286,"1","needleleaf"
906132287,"6","mixed forest"
906132288,"6","mixed forest"
906132289,"6","mixed forest"
906132290,"6","mixed forest"
906132305,"5","broadleaf"
906132306,"6","mixed forest"
906132340,"17","urban"
906132361,"5","broadleaf"
906132362,"1","needleleaf"
906132363,"1","needleleaf"
906132364,"5","broadleaf"
906132365,"6","mixed forest"
906132366,"6","mixed forest"
906132379,"17","urban"
906132380,"1","needleleaf"
906132381,"6","mixed forest"
906132408,"6","mixed forest"
906132409,"6","mixed forest"
906132432,"6","mixed forest"
906132433,"6","mixed forest"
906132455,"5","broadleaf"
906132456,"6","mixed forest"
906132489,"6","mixed forest"
906132515,"6","mixed forest"
906132516,"6","mixed forest"
906132533,"1","needleleaf"
906132534,"1","needleleaf"
906132552,"1","needleleaf"
906132553,"1","needleleaf"
906132566,"6","mixed forest"
906132625,"18","water"
906132633,"6","mixed forest"
906132694,"6","mixed forest"
906132695,"6","mixed forest"
906132701,"6","mixed forest"
906132702,"6","mixed forest"
906132715,"18","water"
906132723,"6","mixed forest"
906132724,"6","mixed forest"
906132740,"6","mixed forest"
906132741,"6","mixed forest"
906132742,"6","mixed forest"
906132744,"1","needleleaf"
906132792,"1","needleleaf"
906132793,"6","mixed forest"
906132806,"1","needleleaf"
906132807,"1","needleleaf"
906132856,"1","needleleaf"
906132864,"6","mixed forest"
906132865,"1","needleleaf"
906132866,"1","needleleaf"
906132867,"6","mixed forest"
906132868,"1","needleleaf"
906132869,"1","needleleaf"
906132900,"6","mixed forest"
906132901,"8","shrubland"
906132915,"1","needleleaf"
906132936,"6","mixed forest"
906132960,"1","needleleaf"
906133001,"6","mixed forest"
906133002,"1","needleleaf"
906133079,"6","mixed forest"
906133162,"6","mixed forest"
906133176,"1","needleleaf"
906133177,"1","needleleaf"
906133178,"1","needleleaf"
906133183,"1","needleleaf"
906133184,"1","needleleaf"
906133217,"6","mixed forest"
906133233,"6","mixed forest"
906133234,"6","mixed forest"
906133235,"6","mixed forest"
906133236,"6","mixed forest"
906133237,"6","mixed forest"
906133247,"6","mixed forest"
906133248,"6","mixed forest"
906133266,"18","water"
906133267,"1","needleleaf"
906133268,"1","needleleaf"
906133275,"6","mixed forest"
906133276,"6","mixed forest"
906133336,"8","shrubland"
906133350,"6","mixed forest"
906133351,"6","mixed forest"
906133362,"1","needleleaf"
906133372,"6","mixed forest"
906133490,"1","needleleaf"
906133497,"6","mixed forest"
906133515,"6","mixed forest"
906133516,"5","broadleaf"
906133517,"8","shrubland"
906133645,"6","mixed forest"
906133689,"6","mixed forest"
906133690,"1","needleleaf"
906133743,"6","mixed forest"
906133752,"6","mixed forest"
906133813,"1","needleleaf"
906133814,"1","needleleaf"
906133815,"6","mixed forest"
906133816,"6","mixed forest"
906133836,"17","urban"
906133857,"1","needleleaf"
906133858,"1","needleleaf"
906133859,"6","mixed forest"
906133860,"6","mixed forest"
906133861,"6","mixed forest"
906133945,"6","mixed forest"
906133946,"6","mixed forest"
906133947,"6","mixed forest"
906133984,"6","mixed forest"
906133985,"6","mixed forest"
906134042,"18","water"
906134043,"1","needleleaf"
906134044,"1","needleleaf"
906134062,"5","broadleaf"
906134128,"1","needleleaf"
906134231,"1","needleleaf"
906134232,"5","broadleaf"
906134233,"5","broadleaf"
906134234,"5","broadleaf"
906134235,"6","mixed forest"
906134254,"6","mixed forest"
906134339,"1","needleleaf"
906134340,"6","mixed forest"
906134363,"6","mixed forest"
906134364,"17","urban"
906134376,"17","urban"
906134394,"6","mixed forest"
906134424,"6","mixed forest"
906134425,"6","mixed forest"
906134426,"6","mixed forest"
906134465,"6","mixed forest"
906134466,"6","mixed forest"
906134500,"6","mixed forest"
906134690,"6","mixed forest"
906134691,"6","mixed forest"
906134698,"6","mixed forest"
906134757,"6","mixed forest"
906134834,"1","needleleaf"
906134835,"1","needleleaf"
906134904,"1","needleleaf"
906135270,"17","urban"
906135271,"17","urban"
906135372,"6","mixed forest"
906135373,"6","mixed forest"
906135407,"6","mixed forest"
906135408,"6","mixed forest"
906135450,"6","mixed forest"
906135451,"6","mixed forest"
906135452,"5","broadleaf"
906135463,"1","needleleaf"
906135464,"1","needleleaf"
906135465,"5","broadleaf"
906135466,"6","mixed forest"
906135467,"17","urban"
906135469,"5","broadleaf"
906135470,"5","broadleaf"
906135514,"6","mixed forest"
906135515,"6","mixed forest"
906135560,"1","needleleaf"
906135607,"6","mixed forest"
906135608,"6","mixed forest"
906135643,"6","mixed forest"
906135644,"1","needleleaf"
906135645,"6","mixed forest"
906135646,"6","mixed forest"
906135647,"6","mixed forest"
906135671,"18","water"
906135687,"8","shrubland"
906135777,"6","mixed forest"
906135778,"6","mixed forest"
906135779,"6","mixed forest"
906135828,"5","broadleaf"
906135829,"1","needleleaf"
906135830,"6","mixed forest"
906135850,"1","needleleaf"
906135912,"1","needleleaf"
906135967,"1","needleleaf"
906135968,"17","urban"
906135969,"1","needleleaf"
906136186,"1","needleleaf"
906136187,"6","mixed forest"
906136188,"5","broadleaf"
906136189,"5","broadleaf"
906136192,"6","mixed forest"
906136355,"18","water"
906136467,"18","water"
906136592,"6","mixed forest"
906136884,"5","broadleaf"
906136910,"1","needleleaf"
906136911,"6","mixed forest"
906136915,"1","needleleaf"
906136928,"6","mixed forest"
906136929,"1","needleleaf"
906137006,"6","mixed forest"
906137007,"6","mixed forest"
906137120,"6","mixed forest"
906137149,"6","mixed forest"
906137316,"6","mixed forest"
906137317,"6","mixed forest"
906137318,"6","mixed forest"
906137459,"5","broadleaf"
906137460,"5","broadleaf"
906137461,"5","broadleaf"
906137462,"6","mixed forest"
906137559,"5","broadleaf"
906137563,"6","mixed forest"
906137564,"5","broadleaf"
906137565,"6","mixed forest"
906137607,"6","mixed forest"
906137608,"6","mixed forest"
906137609,"6","mixed forest"
906138015,"6","mixed forest"
906138021,"17","urban"
906138828,"1","needleleaf"
906138859,"1","needleleaf"
906138860,"8","shrubland"
906138861,"1","needleleaf"
906138862,"5","broadleaf"
906138864,"1","needleleaf"
906138998,"6","mixed forest"
906139191,"6","mixed forest"
906139487,"1","needleleaf"
906139496,"1","needleleaf"
906139497,"1","needleleaf"
906139520,"17","urban"
906139521,"17","urban"
906139655,"1","needleleaf"
906139661,"1","needleleaf"
906139693,"1","needleleaf"
906139694,"6","mixed forest"
906139745,"6","mixed forest"
906139748,"6","mixed forest"
906139749,"6","mixed forest"
906139750,"6","mixed forest"
906139751,"17","urban"
906139752,"1","needleleaf"
906139753,"6","mixed forest"
906139754,"5","broadleaf"
906139807,"6","mixed forest"
906139826,"6","mixed forest"
906139827,"6","mixed forest"
906139833,"5","broadleaf"
906139834,"5","broadleaf"
906139866,"17","urban"
906139881,"8","shrubland"
906140080,"6","mixed forest"
906140081,"1","needleleaf"
906140345,"1","needleleaf"
906140346,"6","mixed forest"
906140356,"6","mixed forest"
906140402,"5","broadleaf"
906140469,"1","needleleaf"
906140470,"1","needleleaf"
906140471,"6","mixed forest"
906140472,"6","mixed forest"
906140589,"5","broadleaf"
906140590,"5","broadleaf"
906140591,"6","mixed forest"
906140596,"6","mixed forest"
906140634,"6","mixed forest"
906140635,"6","mixed forest"
906140636,"6","mixed forest"
906140637,"5","broadleaf"
906140651,"8","shrubland"
906140671,"18","water"
906140862,"6","mixed forest"
906140863,"6","mixed forest"
906140864,"6","mixed forest"
906141137,"6","mixed forest"
906141883,"8","shrubland"
906141884,"6","mixed forest"
906141891,"18","water"
906141923,"8","shrubland"
906141924,"6","mixed forest"
906141933,"5","broadleaf"
906141934,"1","needleleaf"
906141935,"17","urban"
906142343,"1","needleleaf"
906142344,"6","mixed forest"
906142384,"18","water"
906143212,"1","needleleaf"
906143222,"1","needleleaf"
906143223,"18","water"
906143224,"6","mixed forest"
906143259,"6","mixed forest"
906143260,"6","mixed forest"
906143320,"6","mixed forest"
906143337,"5","broadleaf"
906143338,"6","mixed forest"
906143339,"6","mixed forest"
906143340,"6","mixed forest"
906143359,"5","broadleaf"
906143360,"6","mixed forest"
906143373,"1","needleleaf"
906143374,"1","needleleaf"
906143375,"6","mixed forest"
906143392,"6","mixed forest"
906143393,"6","mixed forest"
906143394,"6","mixed forest"
906143395,"5","broadleaf"
906143417,"1","needleleaf"
906143437,"5","broadleaf"
906143511,"1","needleleaf"
906143512,"1","needleleaf"
906143525,"6","mixed forest"
906143557,"1","needleleaf"
906143558,"6","mixed forest"
906143583,"1","needleleaf"
906143584,"6","mixed forest"
906143585,"6","mixed forest"
906143586,"6","mixed forest"
906143587,"6","mixed forest"
906143588,"6","mixed forest"
906143876,"6","mixed forest"
906143877,"8","shrubland"
906143908,"1","needleleaf"
906144075,"6","mixed forest"
906144087,"1","needleleaf"
906144088,"1","needleleaf"
906144089,"17","urban"
906144090,"6","mixed forest"
906144091,"6","mixed forest"
906144213,"1","needleleaf"
906144214,"1","needleleaf"
906144231,"6","mixed forest"
906144294,"6","mixed forest"
906144295,"6","mixed forest"
906144322,"6","mixed forest"
906144323,"1","needleleaf"
906144341,"1","needleleaf"
906144342,"1","needleleaf"
906144343,"1","needleleaf"
906144344,"1","needleleaf"
906144351,"6","mixed forest"
906144352,"6","mixed forest"
906144366,"1","needleleaf"
906144368,"1","needleleaf"
906144463,"1","needleleaf"
906144464,"6","mixed forest"
906144515,"6","mixed forest"
906144516,"6","mixed forest"
906144524,"6","mixed forest"
906144585,"6","mixed forest"
906144586,"6","mixed forest"
906144593,"6","mixed forest"
906144594,"6","mixed forest"
906144595,"1","needleleaf"
906144635,"1","needleleaf"
906144636,"6","mixed forest"
906144637,"5","broadleaf"
906144666,"6","mixed forest"
906144801,"6","mixed forest"
906144802,"6","mixed forest"
906144845,"6","mixed forest"
906144904,"6","mixed forest"
906144921,"6","mixed forest"
906144924,"6","mixed forest"
906144936,"6","mixed forest"
906145006,"1","needleleaf"
906145104,"1","needleleaf"
906145105,"6","mixed forest"
906145429,"6","mixed forest"
906145430,"1","needleleaf"
906145431,"1","needleleaf"
906145521,"8","shrubland"
906145564,"6","mixed forest"
906145603,"6","mixed forest"
906146392,"6","mixed forest"
906146393,"1","needleleaf"
906146394,"1","needleleaf"
906146424,"6","mixed forest"
906146425,"6","mixed forest"
906146426,"1","needleleaf"
906146438,"6","mixed forest"
906146439,"18","water"
906146454,"1","needleleaf"
906146455,"1","needleleaf"
906146456,"6","mixed forest"
906146457,"6","mixed forest"
906146491,"1","needleleaf"
906146492,"1","needleleaf"
906147020,"6","mixed forest"
906147021,"5","broadleaf"
906147186,"6","mixed forest"
906147187,"1","needleleaf"
906150511,"1","needleleaf"
906150524,"1","needleleaf"
906150617,"1","needleleaf"
906154328,"1","needleleaf"
906156292,"6","mixed forest"
906158389,"1","needleleaf"
906158559,"6","mixed forest"
